set_id,set_name,release_year,theme_id,num_parts,num_figs,retail_price,num_unique_figs,set_rating,retire_month,retire_price,pop_price,
60244-1,Police Helicopter Transport,2020,61,317,4,39.99,3,4.6,Oct-21,37.6,37.29,
60248-1,Fire Helicopter Response,2020,58,93,3,17.99,0,4.4,Nov-21,22.74,22.49,
60252-1,Construction Bulldozer,2020,56,126,2,17.99,0,4.5,Nov-21,21,19.74,
60254-1,Race Boat Transporter,2020,52,239,2,24.99,0,4.6,Nov-21,32.19,35.27,
60258-1,Tuning Workshop,2020,52,897,7,89.99,6,4.6,Nov-21,86.17,95.37,
60260-1,Air Race,2020,53,140,3,24.99,0,4.6,Dec-21,32.65,42.22,
60266-1,Ocean Exploration Ship,2020,52,747,8,124.99,0,4.7,Mar-22,147.14,178.73,
60271-1,Main Square,2020,52,1517,14,169.99,13,4.6,Jan-22,177.16,151.76,
60273-1,Elite Police Driller Chase,2020,61,179,2,17.99,1,4.6,Nov-21,34.4,28.76,
60274-1,Elite Police Lighthouse Arrest,2020,61,189,2,17.99,0,4.6,Nov-21,23.22,22.21,
70428-1,Jack's Beach Buggy,2020,676,171,3,17.99,2,4.6,Aug-21,19.08,20.32,
70429-1,El Fuego's Stunt Plane,2020,676,303,3,24.99,2,4.6,Aug-21,34.9,36.94,
70430-1,Newbury Subway,2020,676,357,3,24.99,2,4.6,Aug-21,29.22,25.99,
70431-1,The Lighthouse of Darkness,2020,676,549,5,44.99,3,4.6,Aug-21,46.84,59.03,
70432-1,Haunted Fairground,2020,676,475,5,44.99,4,4.6,Aug-21,52.72,53.44,
70434-1,Supernatural Race Car,2020,676,244,3,24.99,1,4.6,Aug-21,27.1,32.93,
70435-1,Newbury Abandoned Prison,2020,676,401,4,34.99,3,4.7,Aug-21,47.45,61.69,
70436-1,Phantom Fire Truck 3000,2020,676,760,5,59.99,4,4.8,Mar-21,62.92,74.27,
70437-1,Mystery Castle,2020,676,1035,6,89.99,2,4.9,Aug-21,144.23,164.85,
71361-11,Character Pack Series 1 - Complete Set,2020,690,146,0,44.99,0,4.8,Apr-21,102.44,126.07,
71363-1,Desert Pokey Expansion Set,2020,690,181,0,17.99,0,4.6,Dec-21,15.97,23.44,
71364-1,Whomp's Lava Trouble Expansion Set,2020,690,133,0,17.99,0,4.6,Nov-21,16.65,17.71,
71365-1,Piranha Plant Power Slide Expansion Set,2020,690,217,0,24.99,0,4.5,Dec-21,27.74,32.91,
71366-1,Boomer Bill Barrage Expansion Set,2020,690,132,0,24.99,0,4.5,Dec-21,23.16,21.61,
71369-1,Bowser's Castle Boss Battle Expansion Set,2020,690,1010,0,89.99,0,4.6,Nov-21,92.94,117.33,
71376-1,Thwomp Drop Expansion Set,2020,690,393,0,34.99,0,4.6,Nov-21,42.09,46.4,
71377-1,King Boo and the Haunted Yard Expansion Set,2020,690,431,0,44.99,0,4.6,Jan-22,48.69,52.02,
71699-1,Thunder Raider,2020,435,576,1,44.99,1,4.8,Dec-20,67.01,86.26,
71701-1,Kai's Fire Dragon,2020,435,81,2,17.99,0,4.7,Dec-21,18.23,18.27,
71702-1,Golden Mech,2020,435,489,4,34.99,3,4.9,Dec-20,50.56,71.15,
71704-1,Kai Fighter,2020,435,513,4,34.99,1,4.7,Nov-21,43.14,46.7,
71707-1,Kai's Mech Jet,2020,435,226,2,17.99,0,4.6,Sep-21,19.6,24.58,
71708-1,Gamer's Market,2020,435,228,9,29.99,6,4.9,Oct-21,33.43,31.87,
71717-1,Journey to the Skull Dungeons,2020,435,401,4,24.99,0,4.6,Oct-21,29.14,32.53,
71720-1,Fire Stone Mech,2020,435,977,5,64.99,1,4.8,Oct-21,60.56,66.39,
75265-1,T-16 Skyhopper vs. Bantha Microfighters,2020,158,198,2,17.99,1,4.8,Jan-21,18.19,20.61,
75267-1,Mandalorian Battle Pack,2020,158,107,4,12.99,3,4.6,Mar-22,17.73,18.83,
75269-1,Duel on Mustafar,2020,158,208,2,19.99,1,4.7,Jun-21,20.49,27.78,
75270-1,Obi-Wan's Hut,2020,158,200,4,24.99,1,4.6,Nov-21,27.05,28.4,
75271-1,Luke Skywalker's Landspeeder,2020,158,236,2,24.99,1,4.7,Jan-22,27.75,32.21,
75272-1,Sith TIE Fighter,2020,158,470,3,64.99,1,4.5,Nov-21,68.5,66.01,
75273-1,Poe Dameron's X-wing Fighter,2020,158,761,4,89.99,3,4.7,Nov-21,81.59,85.92,
75274-1,TIE Fighter Pilot,2020,158,724,0,54.99,0,4.8,Jan-22,89.59,172.27,
75275-1,A-Wing Starfighter,2020,171,1672,1,179,1,4.8,Nov-21,210.6,246.16,
75276-1,Stormtrooper,2020,158,647,0,54.99,0,4.8,Mar-22,62.31,123.98,
75279-1,Star Wars Advent Calendar 2020,2020,209,311,8,24.99,5,4.9,Nov-21,39.62,39.71,
75281-1,Anakin's Jedi Interceptor,2020,158,248,2,24.99,1,4.7,Dec-21,34.83,43.44,
75284-1,Knights of Ren Transport Ship,2020,158,595,3,64.99,2,4.6,Dec-21,59.37,62.3,
75291-1,Death Star Final Duel,2020,158,775,5,89.99,1,4.9,Nov-21,89.98,107.46,
75293-1,Resistance I-TS Transport,2020,158,932,4,89.99,0,4.6,Feb-22,116.91,103.92,
75939-1,Dr. Wu's Lab: Baby Dinosaurs Breakout,2020,602,164,2,17.99,0,4.7,Jan-22,22.74,20.9,
75940-1,Gallimimus and Pteranodon Breakout,2020,602,392,3,54.99,0,4.6,Mar-22,41.78,45.98,
75941-1,Indominus rex vs. Ankylosaurus,2020,602,537,5,89.99,4,4.7,Dec-21,113.2,117.13,
75966-1,Hogwarts Room of Requirement,2020,246,194,4,17.99,0,4.8,Mar-22,22,21.95,
75967-1,Forbidden Forest: Umbridge's Encounter,2020,246,254,5,24.99,3,4.7,Jan-22,26.6,26.71,
75981-1,Harry Potter Advent Calendar 2020,2020,710,335,6,24.99,3,4.6,Mar-21,30.52,30.77,
76142-1,Avengers Speeder Bike Attack,2020,702,251,3,19.99,2,4.7,Jan-21,18.98,25.1,
76143-1,Avengers Truck Take-down,2020,702,486,4,34.99,3,4.6,Oct-21,31.38,34.22,
76147-1,Vulture's Trucker Robbery,2020,706,93,3,19.99,2,4.7,Apr-21,19.05,24.43,
76148-1,Spider-Man vs. Doc Ock,2020,706,242,3,19.99,3,4.9,Apr-21,23.52,29.77,
76149-1,The Menace of Mysterio,2020,706,163,3,29.99,1,4.7,Apr-21,27.42,31.41,
76150-1,Spiderjet vs. Venom Mech,2020,706,383,3,34.99,1,4.9,Oct-21,34.59,41.27,
76151-1,Venomosaurus Ambush,2020,706,648,5,74.99,2,4.7,Dec-21,86.36,93.49,
76152-1,Avengers Wrath of Loki,2020,702,223,4,54.99,2,4.7,Jun-21,57.4,66.9,
76159-1,Joker's Trike Chase,2020,697,440,4,44.99,0,4.6,Nov-21,43.22,44.63,
76160-1,Mobile Bat Base,2020,697,743,6,79.99,4,4.6,Oct-21,83.83,81.36,
76162-1,Black Widow's Helicopter Chase,2020,696,271,3,24.99,0,4.7,Mar-22,45.92,42.82,
76164-1,Iron Man Hulkbuster versus A.I.M. Agent,2020,702,456,4,49.99,2,4.7,Mar-22,36.55,47.67,
76165-1,Iron Man,2020,705,480,0,54.99,0,4.8,Oct-21,73.32,92.54,
76167-1,Iron Man Armory,2020,702,258,5,24.99,2,4.6,Mar-22,31.2,38.43,
76895-1,Ferrari F8 Tributo,2020,601,278,1,17.99,1,4.7,Nov-21,24.2,27.81,
76896-1,Nissan GT-R NISMO,2020,601,301,1,17.99,1,4.8,Mar-22,23.31,33.15,
76897-1,1985 Audi Sport quattro S1,2020,601,253,1,17.99,1,4.6,Nov-21,24.96,25.47,
76898-1,Formula E Panasonic Jaguar Racing GEN2 car & Jaguar I-PACE eTROPHY,2020,601,571,2,34.99,0,4.8,Jan-22,35.46,43.94,
77905-1,Taskmaster's Ambush,2020,696,230,3,31.59,0,4.8,Oct-20,75.99,62.52,
77906-1,Wonder Woman,2020,695,255,3,34.99,1,4.7,Oct-20,48.85,33.75,
77907-1,Toad's Special Hideaway Expansion Set,2020,690,121,0,17.99,0,4.9,Mar-21,63.96,69.86,
80006-1,White Dragon Horse Bike,2020,693,259,4,24.99,0,4.7,May-22,67.77,51.43,
80007-1,Iron Bull Tank,2020,693,430,4,39.99,0,4.7,May-22,60.2,68.74,
80009-1,Pigsy's Food Truck,2020,693,832,5,54.99,1,4.8,Nov-21,69.25,85.11,
80010-1,Demon Bull King,2020,693,1051,3,74.99,0,4.8,Nov-21,89.03,168.36,
80016-1,The Flaming Foundry,2020,693,1429,7,119.99,1,4.6,Mar-22,150.1,136.6,
80105-1,Chinese New Year Temple Fair,2020,686,1664,14,89.99,13,4.6,Nov-20,143.6,151.56,
92177-1,Ship in a Bottle,2020,576,962,0,69.99,0,4.8,Jan-22,89.09,88.96,
10264-1,Corner Garage,2019,155,2569,6,159.99,0,4.9,Dec-21,235.83,219.62,
10267-1,Gingerbread House,2019,228,1477,2,84.99,0,4.8,Oct-21,123.65,124.81,
10269-1,Harley-Davidson Fat Boy,2019,673,1023,0,84.99,0,4.9,Nov-21,108.18,108.23,
10768-1,Buzz and Bo Peep's Playground Adventure,2019,275,139,3,19.99,1,4.6,Dec-20,21.81,23.41,
10769-1,Toy Story 4 RV Vacation,2019,275,178,3,29.99,2,4.6,Nov-20,35.01,34.14,
10770-1,Buzz & Woody's Carnival Mania!,2019,275,230,5,44.99,3,4.5,Feb-21,41.78,37.02,
10895-1,Emmet and Lucy's Visitors from the DUPLO Planet,2019,504,53,0,24.99,0,4.5,Mar-20,22.9,30.24,
10907-1,World Animals,2019,632,121,0,89.99,0,4.7,Nov-21,107.8,116.9,
11004-1,Windows of Creativity,2019,621,450,0,24.99,0,4.7,Jan-21,24.46,48.44,
11005-1,Creative Fun,2019,621,900,0,29.99,0,4.4,Nov-20,37.12,33.56,
21043-1,San Francisco,2019,253,565,0,44.99,0,4.7,Nov-21,52.77,62.08,
21055-1,Burj Khalifa,2019,252,333,0,44.99,0,4.9,Oct-21,75.97,94.86,
21148-1,Minecraft Steve BigFig with Parrot,2019,577,159,0,12.99,0,4.9,Jan-20,12.44,28.67,
21149-1,Minecraft Alex BigFig with Chicken,2019,577,160,0,12.99,0,4.8,Jan-20,13.76,24.02,
21150-1,Minecraft Skeleton BigFig with Magma Cube,2019,577,142,0,12.99,0,4.8,Jan-20,14.34,25.74,
21151-1,The End Battle,2019,577,222,2,19.99,0,4.7,Feb-22,23.32,30.16,
21153-1,The Wool Farm,2019,577,260,1,19.99,0,4.6,Oct-21,19.25,18.03,
21154-1,The Blaze Bridge,2019,577,372,4,39.99,2,4.7,Mar-22,31.54,30.15,
21155-1,The Creeper Mine,2019,577,834,4,79.99,2,4.7,Jul-21,99.46,87.42,
21316-1,The Flintstones,2019,576,748,4,54.99,0,5,Jan-21,62.17,75.27,
21317-1,Steamboat Willie,2019,576,751,2,79.99,0,5,Nov-20,97.54,122.21,
21320-1,Dinosaur Fossils,2019,576,911,2,54.99,0,4.8,Jan-22,73.52,64.72,
31086-1,Futuristic Flyer,2019,672,157,0,14.99,0,4.5,Nov-20,14.46,16.13,
31087-1,Dune Buggy,2019,672,147,0,12.99,0,4.7,Nov-20,11.28,13.51,
31091-1,Shuttle Transporter,2019,672,341,0,24.99,0,4.8,Dec-20,26.61,31.63,
31094-1,Race Plane,2019,672,333,1,24.99,1,4.7,Jan-21,25.96,30.26,
31096-1,Twin-Rotor Helicopter,2019,672,569,1,44.99,1,4.7,Jan-21,45.28,49.78,
31098-1,Outback Cabin,2019,672,305,2,24.99,0,4.7,Jan-21,32.17,31.82,
41160-1,Ariel's Seaside Castle,2019,579,115,1,21.99,1,4.8,Jan-20,20.79,32.7,
41161-1,Aladdin and Jasmine's Palace Adventures,2019,579,193,2,24.99,0,4.8,Jan-20,22.78,43.31,
41164-1,Enchanted Treehouse,2019,687,302,3,44.99,1,4.5,Nov-20,36.85,45.44,
41165-1,Anna's Canoe Expedition,2019,687,108,2,17.99,0,4.4,May-21,17.08,18.98,
41167-1,Arendelle Castle Village,2019,687,521,3,74.99,2,4.6,Dec-21,67.26,71.83,
41169-1,Olaf,2019,687,122,0,12.99,0,4.6,Dec-20,13.95,13.65,
41337-1,Underwater Loop,2019,494,389,0,24.99,0,4.6,Dec-20,25.86,25.57,
41359-1,Heart Box Friendship Pack,2019,494,199,0,14.99,0,4.5,Jan-20,17.71,18.6,
41362-1,Heartlake City Supermarket,2019,494,139,0,24.99,0,4.6,Jun-20,25.19,34.53,
41364-1,Stephanie's Buggy & Trailer,2019,494,166,0,17.99,0,4.4,Feb-20,14.31,19.07,
41366-1,Olivia's Cupcake Cafe,2019,494,335,0,24.99,0,4.4,Nov-20,29.39,32.4,
41367-1,Stephanie's Horse Jumping,2019,494,352,0,34.99,0,4.6,Nov-20,40.73,34.01,
41368-1,Andrea's Talent Show,2019,494,492,0,44.99,0,4.5,Mar-20,39.88,40.73,
41369-1,Mia's House,2019,494,725,0,59.99,0,4.7,Dec-20,76.72,75.92,
41371-1,Mia's Horse Trailer,2019,494,216,0,24.99,0,4.7,Jan-21,29.9,33.7,
41373-1,Funny Octopus Ride,2019,494,324,0,34.99,0,4.6,Dec-20,37.36,35.87,
41374-1,Andrea's Pool Party,2019,494,468,0,44.99,0,4.7,Dec-20,51.11,51.82,
41375-1,Heartlake City Amusement Pier,2019,494,1267,0,119.99,0,4.7,Jan-21,119.89,118.28,
41376-1,Turtles Rescue Mission,2019,494,225,0,17.99,0,4.7,Jun-20,21.52,23.88,
41378-1,Dolphins Rescue Mission,2019,494,374,0,34.99,0,4.6,Dec-20,36.32,37.35,
41379-1,Heartlake City Restaurant,2019,494,640,0,54.99,0,4.6,Mar-21,47.71,51.83,
41380-1,Lighthouse Rescue Center,2019,494,622,0,54.99,0,4.7,Feb-21,54.73,60.04,
42090-1,Getaway Truck,2019,1,128,0,17.99,0,4.5,Nov-21,21.22,17.64,
42091-1,Police Pursuit,2019,1,120,0,17.99,0,4.7,Nov-20,18.08,20.82,
42094-1,Tracked Loader,2019,1,827,0,54.99,0,4.7,Jan-20,87.08,108.14,
42095-1,Remote-Controlled Stunt Racer,2019,1,324,0,69.99,0,4.8,Jan-22,110.62,111.11,
42097-1,Compact Crawler Crane,2019,1,920,0,79.99,0,4.7,Oct-20,94.45,103.94,
42098-1,Car Transporter,2019,1,2493,0,139.99,0,4.8,Mar-21,191.37,199.38,
42100-1,Liebherr R 9800 Excavator,2019,1,4108,0,399.99,0,4.8,Dec-21,441.68,490.83,
60207-1,Sky Police Drone Chase,2019,61,192,3,17.99,1,4.5,Dec-20,28.13,24.39,
60208-1,Sky Police Parachute Arrest,2019,61,218,3,24.99,3,4.5,Nov-20,29.16,33.63,
60209-1,Sky Police Diamond Heist,2019,61,400,3,44.99,3,4.7,Mar-20,56.07,62.38,
60210-1,Sky Police Air Base,2019,61,529,5,69.99,4,4.4,Jan-21,69.37,69.84,
60213-1,Dock Side Fire,2019,58,98,2,14.99,1,4.5,Dec-20,22.79,20.21,
60216-1,Downtown Fire Brigade,2019,58,943,7,89.99,5,4.7,Nov-21,102.37,91.49,
60217-1,Fire Plane,2019,58,363,1,34.99,1,4.7,Dec-20,46.78,59.9,
60222-1,Snow Groomer,2019,52,197,2,17.99,0,4.8,Dec-20,20.78,20.41,
60225-1,Rover Testing Drive,2019,679,202,2,17.99,0,4.7,Feb-21,30.18,32.84,
60226-1,Mars Research Shuttle,2019,679,273,2,24.99,1,4.6,Dec-21,37.27,38.04,
60227-1,Lunar Space Station,2019,679,412,5,44.99,4,4.7,Nov-20,52.63,57.93,
60232-1,Garage Center,2019,52,234,4,34.99,3,4.5,Dec-20,47.9,46.2,
60233-1,Donut Shop Opening,2019,52,790,10,79.99,8,4.8,Jan-21,89.52,93.26,
60234-1,People Pack - Fun Fair,2019,52,184,14,34.99,13,4.7,Dec-20,37.23,38.86,
70419-1,Wrecked Shrimp Boat,2019,676,311,4,24.99,2,4.7,Dec-20,25.82,29.79,
70420-1,Graveyard Mystery,2019,676,336,4,24.99,1,4.8,Mar-21,32.67,32.47,
70421-1,El Fuego's Stunt Truck,2019,676,429,4,34.99,3,4.6,Dec-20,33.18,33.46,
70422-1,Shrimp Shack Attack,2019,676,580,5,44.99,3,4.7,Dec-20,50.39,42.85,
70423-1,Paranormal Intercept Bus 3000,2019,676,690,5,54.99,3,4.7,Feb-21,54.45,51.69,
70424-1,Ghost Train Express,2019,676,699,6,69.99,3,4.7,Oct-20,71.22,80.76,
70425-1,Newbury Haunted High School,2019,676,1475,8,109.99,4,4.8,Oct-20,112.79,135.54,
70663-1,Spinjitzu Nya & Wu,2019,435,227,2,15.99,0,4.9,Jan-20,15.79,21.64,
70664-1,Spinjitzu Lloyd vs. Garmadon,2019,435,208,2,15.99,0,4.9,Jan-20,15.28,24.6,
70665-1,The Samurai Mech,2019,435,154,3,14.99,0,4.9,Dec-20,14.77,19.44,
70666-1,The Golden Dragon,2019,435,171,3,17.99,2,4.8,Nov-20,20.79,29.41,
70667-1,Kai's Blade Cycle & Zane's Snowmobile,2019,435,377,4,24.99,0,4.8,Jun-20,27.28,43.93,
70668-1,Jay's Storm Fighter,2019,435,490,4,34.99,0,4.8,Nov-20,44.26,58.25,
70670-1,Monastery of Spinjitzu,2019,435,1080,1,79.99,1,4.8,Nov-20,84.69,119.41,
70671-1,Lloyd's Journey,2019,435,82,2,12.99,1,4.7,Jul-20,13.73,21.8,
70672-1,Cole's Dirt Bike,2019,435,221,3,17.99,0,4.8,Jan-21,18.34,30.96,
70674-1,Fire Fang,2019,435,469,4,39.99,2,4.8,Feb-21,35.36,63.1,
70675-1,Katana 4x4,2019,435,461,5,44.99,2,4.7,Dec-20,49.87,49.27,
70678-1,Castle of the Forsaken Emperor,2019,435,1223,7,89.99,2,4.9,Dec-20,107.5,154.79,
70679-1,The Ultra Dragon,2019,435,952,6,79.99,0,4.8,Nov-20,96.08,120.35,
70820-1,Movie Maker,2019,670,482,6,44.99,5,4.5,Jan-20,41.88,42.61,
70821-1,Emmet and Benny's 'Build and Fix' Workshop!,2019,670,125,2,17.99,0,4.5,Jul-20,16.71,20.34,
70823-1,Emmet's Thricycle!,2019,670,174,1,12.99,0,4.7,Jan-20,12.91,12.84,
70824-1,Introducing Queen Watevra Wa'Nabi,2019,670,115,3,17.99,3,4.4,Mar-20,16.6,14.27,
70825-1,Queen Watevra's Build Whatever Box!,2019,670,455,0,34.99,0,4.4,Mar-20,25.16,27.29,
70827-1,Ultrakatty & Warrior Lucy!,2019,670,348,2,24.99,0,4.6,Dec-20,26.94,29.11,
70829-1,Emmet and Lucy's Escape Buggy!,2019,670,550,4,44.99,2,4.6,Jan-20,35.76,45.24,
70830-1,Sweet Mayhem's Systar Starship!,2019,670,502,3,59.99,1,4.6,Jan-20,56.9,52.75,
70832-1,Emmet's Builder Box!,2019,670,131,1,24.99,0,4.7,Nov-20,27.07,27.48,
70833-1,Lucy's Builder Box!,2019,670,147,2,24.99,1,4.6,Oct-20,22.94,24.95,
70836-1,Battle-Ready Batman and MetalBeard,2019,670,168,2,17.99,0,4.7,Jan-20,14.77,16.78,
70838-1,Queen Watevra's 'So-Not-Evil' Space Palace,2019,670,997,5,94.99,0,4.6,Mar-20,86.53,66.45,
70839-1,The Rexcelsior!,2019,670,1826,4,139.99,0,4.9,Jun-20,129.22,157.17,
70842-1,Emmet's Triple-Decker Couch Mech,2019,670,312,3,24.99,1,4.8,Oct-20,32.06,33.37,
70849-1,Wyld-Mayhem Star Fighter,2019,670,405,4,44.99,0,4.6,Sep-20,40.06,47.37,
71044-1,Disney Train and Station,2019,608,2927,5,299.99,0,4.8,Dec-21,380.17,431.81,
75232-1,Kylo Ren & Sith Trooper,2019,610,240,0,17.99,0,4.9,Sep-20,19.31,22.47,
75235-1,X-Wing Starfighter Trench Run,2019,158,132,4,24.99,0,4.8,Nov-20,34.94,31.8,
75236-1,Duel on Starkiller Base,2019,158,191,2,17.99,1,4.8,Jun-20,18.11,24.98,
75237-1,TIE Fighter Attack,2019,158,77,2,17.99,0,4.8,May-20,21.57,32.89,
75240-1,Major Vonreg's TIE Fighter,2019,158,496,4,64.99,0,4.9,Jan-21,64.46,73.99,
75241-1,Action Battle Echo Base Defense,2019,158,504,6,54.99,4,4.6,Dec-20,56.73,50.54,
75242-1,Black Ace TIE Interceptor,2019,158,396,3,44.99,2,4.7,Dec-20,52.11,50.45,
75243-1,Slave I - 20th Anniversary Edition,2019,158,1007,6,109.99,3,4.9,Nov-20,123.27,172.21,
75244-1,Tantive IV,2019,158,1772,6,179.99,2,5,Dec-20,217.62,216.61,
75246-1,Death Star Cannon,2019,158,159,2,17.99,0,4.6,Dec-21,16.9,20.1,
75247-1,Rebel A-Wing Starfighter,2019,158,62,2,11.99,0,4.7,Jan-20,13.55,19.38,
75248-1,Resistance A-Wing Starfighter,2019,158,269,2,24.99,0,4.7,Mar-21,24.71,30.14,
75249-1,Resistance Y-Wing Starfighter,2019,158,578,5,59.99,3,4.7,Nov-21,58.95,60.44,
75250-1,Pasaana Speeder Chase,2019,158,373,4,44.99,2,4.6,Jul-21,32.91,35.16,
75253-1,Droid Commander,2019,158,1177,0,179.99,0,4.7,Feb-21,177.15,204.59,
75254-1,AT-ST Raider,2019,158,540,4,49.99,2,4.8,Mar-22,40.95,38.26,
75256-1,Kylo Ren's Shuttle,2019,158,1005,6,99.99,4,4.6,Nov-21,124.38,147.19,
75258-1,Anakin's Podracer - 20th Anniversary Edition,2019,158,279,3,24.99,2,4.8,Jan-21,32.48,32.67,
75261-1,Clone Scout Walker - 20th Anniversary Edition,2019,158,250,5,24.99,3,4.9,Apr-20,47.95,59.55,
75810-1,The Upside Down,2019,680,2287,8,179.99,0,4.9,Jan-22,235.76,335.28,
75890-1,Ferrari F40 Competizione,2019,601,212,1,12.99,1,4.6,Sep-21,17.23,18.14,
75892-1,McLaren Senna,2019,601,222,1,12.99,1,4.8,Aug-21,17.57,17.06,
75893-1,2018 Dodge Challenger SRT Demon and 1970 Dodge Charger R/T,2019,601,485,3,34.99,0,4.8,Jul-21,29.88,32.83,
75894-1,1967 Mini Cooper S Rally and 2018 MINI John Cooper Works Buggy,2019,601,496,4,44.99,0,4.8,Nov-20,40.28,50.55,
75895-1,1974 Porsche 911 Turbo 3.0,2019,601,180,1,12.99,1,4.8,Jul-21,20.8,21.5,
75934-1,Dilophosaurus on the Loose,2019,602,168,3,19.99,2,4.7,Nov-20,20.84,26.26,
75936-1,Jurassic Park: T. rex Rampage,2019,602,3120,6,219.99,5,4.8,Oct-21,284.42,278.36,
75937-1,Triceratops Rampage,2019,602,447,4,54.99,3,4.8,Nov-20,51.7,73.51,
75938-1,T. rex vs Dino-Mech Battle,2019,602,716,4,79.99,2,4.8,Jan-21,93.19,146.96,
75945-1,Expecto Patronum,2019,246,121,4,19.99,1,4.8,Jan-21,21.43,23.73,
75946-1,Hungarian Horntail Triwizard Challenge,2019,246,265,4,29.99,0,4.8,Nov-20,28.53,35.35,
75947-1,Hagrid's Hut: Buckbeak's Rescue,2019,246,496,6,49.99,3,4.8,Nov-21,50.56,59.97,
75957-1,The Knight Bus,2019,246,403,3,34.99,2,4.8,Jan-22,46.23,45.55,
75958-1,Beauxbatons' Carriage: Arrival at Hogwarts,2019,246,431,4,44.99,0,4.8,Jan-21,43.6,54.04,
75965-1,The Rise of Voldemort,2019,246,186,6,19.99,0,4.9,Jan-21,24.05,29.16,
75970-1,Tracer vs. Widowmaker,2019,669,129,2,12.99,0,4.5,Jan-20,11.83,15.45,
75971-1,Hanzo vs. Genji,2019,669,198,3,24.99,0,4.6,Jan-20,16.62,20.58,
75972-1,Dorado Showdown,2019,669,419,3,29.99,2,4.5,Jan-20,22.36,31.05,
75973-1,D.Va & Reinhardt,2019,669,455,2,34.99,0,4.8,Aug-20,29.77,47.45,
75974-1,Bastion,2019,669,602,0,54.99,0,4.9,Sep-20,46.24,73.16,
75977-1,Junkrat & Roadhog,2019,669,380,2,44.99,0,4.7,Feb-22,52.25,63.74,
76114-1,Spider-Man's Spider Crawler,2019,706,426,4,34.99,3,4.8,Nov-20,35.71,48.27,
76117-1,Batman Mech vs. Poison Ivy Mech,2019,697,394,4,34.99,0,4.8,Jan-20,36.11,44.42,
76118-1,Mr. Freeze Batcycle Battle,2019,697,212,3,19.99,1,4.8,Jul-20,21.93,30.41,
76119-1,Batmobile: Pursuit of The Joker,2019,697,352,2,24.99,0,4.9,Jan-21,28.88,42.64,
76120-1,Batman Batwing and The Riddler Heist,2019,697,501,4,49.99,2,4.7,Jan-21,54.73,58.98,
76122-1,Batcave Clayface Invasion,2019,697,1073,6,94.99,3,4.8,Dec-20,81.88,108.47,
76124-1,War Machine Buster,2019,702,362,4,29.99,2,4.7,Jan-21,27.89,34.1,
76126-1,Avengers Ultimate Quinjet,2019,702,838,6,74.99,3,4.3,Jan-21,74.99,78.48,
76127-1,Captain Marvel and The Skrull Attack,2019,696,307,3,24.99,1,4.7,Oct-20,32.17,32.98,
76128-1,Molten Man Battle,2019,706,302,3,24.99,2,4.8,Nov-20,26.28,31.88,
76129-1,Hydro-Man Attack,2019,706,479,4,34.99,3,4.6,Feb-20,30.31,35.47,
76130-1,Stark Jet and the Drone Attack,2019,706,504,4,54.99,1,4.7,Nov-20,60.32,68.97,
76134-1,Spider-Man: Doc Ock Diamond Heist,2019,706,151,3,24.99,2,4.6,Jan-20,23.17,27.66,
76138-1,Batman and The Joker Escape,2019,697,171,4,34.99,2,4.6,Jun-20,39.68,39.3,
76139-1,1989 Batmobile,2019,698,3310,3,219.99,2,4.8,Nov-21,290.4,355.77,
76144-1,Avengers Hulk Helicopter Rescue,2019,702,483,5,54.99,2,4.8,Oct-20,46.68,61.95,
81000-1,Koi,2019,671,293,0,42.99,0,5,Mar-20,129.43,171.98,
10260-1,Downtown Diner,2018,155,2480,6,129.99,6,4.9,Nov-20,212.535,275.94,
10261-1,Roller Coaster,2018,673,4124,11,299.99,11,4.9,Nov-21,426.76,442.8,
10262-1,James Bond Aston Martin DB5,2018,673,1297,0,129.99,0,4.9,Jan-22,178.23,178.045,
10263-1,Winter Village Fire Station,2018,228,1166,8,84.99,7,4.8,Dec-20,129.42,122.18,
10268-1,Vestas Wind Turbine,2018,673,834,3,159.99,3,4.9,Nov-20,178.655,222.995,
10712-1,Bricks and Gears,2018,621,244,0,17.99,0,4.6,Jan-20,18.73,23.08,
10717-1,Bricks Bricks Bricks,2018,621,1500,0,49.99,0,4.6,Mar-22,56.97,66.48,
10749-1,Mia's Organic Food Market,2018,595,115,1,17.99,0,4.5,Jan-19,17.08,19.2,
10751-1,Mountain Police Chase,2018,591,115,2,17.99,1,4.4,Jul-19,18.79,18.45,
10753-1,The Joker Batcave Attack,2018,592,151,3,24.99,0,4.6,Feb-20,23.155,29.56,
10754-1,Spider-Man vs. Scorpion Street Showdown,2018,596,125,2,19.99,0,4.6,Aug-19,18.5,22.14,
10755-1,Zane's Ninja Boat Pursuit,2018,597,132,2,17.99,2,4.6,Dec-18,16.955,18.91,
10757-1,Raptor Rescue Truck,2018,620,85,2,24.99,1,4.6,Jan-20,23.23,27.55,
10758-1,T. Rex Breakout,2018,620,150,3,44.99,2,4.7,Feb-20,46.3,62.33,
10760-1,Underminer Bank Heist,2018,591,149,3,24.99,3,4.6,Dec-18,25.095,24.985,
10761-1,The Great Home Escape,2018,591,178,4,29.99,4,4.6,Nov-18,36.4,39.73,
10764-1,City Central Airport,2018,591,376,5,44.99,4,4.5,Jan-20,44.725,44.14,
10765-1,Ariel's Underwater Concert,2018,593,92,1,12.99,1,4.5,Nov-18,14.455,14.3,
21041-1,Great Wall of China,2018,252,550,0,44.99,0,4.9,Nov-19,44.335,73.055,
21047-1,Las Vegas,2018,253,501,0,34.99,0,4.9,Nov-20,48.83,65.595,
21139-1,The Nether Fight,2018,577,84,3,12.99,0,4.7,Dec-18,13.825,20.68,
21140-1,The Chicken Coop,2018,577,198,1,19.99,0,4.7,Nov-20,22.585,31.2,
21141-1,The Zombie Cave,2018,577,241,3,19.99,1,4.7,Nov-20,22.22,26.135,
21143-1,The Nether Portal,2018,577,470,3,49.99,2,4.7,Oct-20,53.58,83.11,
21144-1,The Farm Cottage,2018,577,549,3,64.99,0,4.8,Nov-18,59.875,73.04,
21145-1,The Skull Arena,2018,577,198,2,19.99,2,4.7,Jun-20,21.605,31.335,
21147-1,The Bedrock Adventures,2018,577,644,4,79.99,0,4.8,Jun-19,73.015,97.475,
21313-1,Ship in a Bottle,2018,576,962,0,69.99,0,4.8,Dec-19,73.56,82.235,
21314-1,TRON: Legacy,2018,576,230,3,29.99,3,4.7,Nov-19,30.35,43.36,
21315-1,Pop-Up Book,2018,576,859,5,59.99,5,4.8,Sep-20,61.735,70.08,
31073-1,Mythical Creatures,2018,672,223,0,12.99,0,4.8,Jan-20,13.92,21.74,
31075-1,Outback Adventures,2018,672,225,1,17.99,1,4.7,Dec-18,19.165,21.695,
31076-1,Daredevil Stunt Plane,2018,672,200,1,17.99,1,4.7,Dec-18,17.735,21.255,
31077-1,Modular Sweet Surprises,2018,672,396,3,34.99,3,4.4,Dec-19,34.58,39.435,
31078-1,Tree House Treasures,2018,672,260,2,29.99,2,4.8,Jul-20,35.485,38.475,
31079-1,Sunshine Surfer Van,2018,672,379,2,24.99,2,4.7,Jan-20,27.93,39.845,
31080-1,Modular Winter Vacation,2018,672,374,2,24.99,2,4.7,Nov-18,32.815,28.325,
31084-1,Pirate Roller Coaster,2018,672,923,5,69.99,4,4.8,Dec-19,68.835,120.67,
31085-1,Mobile Stunt Show,2018,672,581,2,44.99,2,4.5,Jan-19,42.4,42.67,
40274-1,Mr. Claus & Mrs. Claus,2018,610,341,0,17.99,0,4.6,Sep-21,23.17,27.5,
40305-1,LEGO Brand Store,2018,408,362,2,21.99,2,4.6,Mar-22,28.28,26.995,
41151-1,Mulan's Training Day,2018,579,104,1,12.99,1,4.4,Feb-19,11.875,12.355,
41152-1,Sleeping Beauty's Fairytale Castle,2018,579,322,3,29.99,3,4.8,Nov-18,29.615,36.545,
41153-1,Ariel's Royal Celebration Boat,2018,579,380,2,44.99,2,4.3,Jan-20,41.79,49.955,
41155-1,Elsa's Market Adventure,2018,687,125,2,17.99,2,4.5,Jan-20,17.86,20.025,
41156-1,Rapunzel's Castle Bedroom,2018,579,156,1,17.99,1,4.7,Apr-19,18.065,23.055,
41157-1,Rapunzel's Travelling Caravan,2018,579,323,2,34.99,2,4.5,Sep-19,35.53,37.355,
41190-1,Emily Jones & the Eagle Getaway,2018,600,149,0,12.99,0,4.7,Dec-18,11.975,14.91,
41191-1,Naida & the Water Turtle Ambush,2018,600,205,0,19.99,0,4.7,Dec-18,18.115,20.395,
41193-1,Aira & the Song of the Wind Dragon,2018,600,451,0,39.99,0,4.8,Jan-19,34.025,53.34,
41195-1,Emily & Noctura's Showdown,2018,600,652,0,44.99,0,4.8,Dec-18,45.085,59.28,
41287-1,Bubbles Playground Showdown,2018,654,144,3,17.99,2,4.7,Jan-20,16.63,18.055,
41332-1,Emma's Art Stand,2018,494,211,0,17.99,0,4.8,Aug-19,18.49,23.61,
41334-1,Andrea's Park Performance,2018,494,229,0,19.99,0,4.4,Feb-19,23.455,22.325,
41335-1,Mia's Tree House,2018,494,351,0,24.99,0,4.7,Dec-20,38.51,42.745,
41336-1,Emma's Art Cafe,2018,494,378,0,29.99,0,4.7,Jul-19,29.13,40.425,
41338-1,Stephanie's Sports Arena,2018,494,460,0,39.99,0,4.6,Jul-19,41.36,40.115,
41340-1,Friendship House,2018,494,730,0,59.99,0,4.7,Mar-20,59.33,123.225,
41344-1,Andrea's Accessories Store,2018,494,294,0,24.99,0,4.7,Jan-20,26.51,28.615,
41345-1,Heartlake City Pet Center,2018,494,483,0,54.99,0,4.8,Nov-19,56.16,126.61,
41347-1,Heartlake City Resort,2018,494,1019,0,89.99,0,4.8,Feb-20,84.02,155.29,
41348-1,Service & Care Truck,2018,494,255,0,14.99,0,4.4,Aug-19,16.93,18.445,
41349-1,Drifting Diner,2018,494,345,0,24.99,0,4.5,Aug-19,26.7,39.395,
41351-1,Creative Tuning Shop,2018,494,421,0,39.99,0,4.4,Jan-20,38.75,37.95,
41352-1,The Big Race Day,2018,494,648,0,49.99,0,4.5,Sep-19,51.045,56.865,
41353-1,Friends Advent Calendar 2018,2018,216,500,0,22.99,0,4.5,Jun-19,25.22,23.41,
41597-1,Go Brick Me,2018,610,708,0,25.99,0,4.9,Jan-19,28.68,35.68,
41610-1,Tactical Batman & Superman,2018,610,209,0,17.99,0,4.9,Jan-19,19.2,37.39,
41613-1,Mr. Incredible & Frozone,2018,610,160,0,17.99,0,4.8,Jan-19,21.77,28.185,
41614-1,Owen & Blue,2018,610,234,0,17.99,0,4.7,Apr-19,18.94,19.84,
41615-1,Harry Potter & Hedwig,2018,610,180,0,14.99,0,4.9,Dec-18,16.47,24.01,
41618-1,Anna & Olaf,2018,610,201,0,14.99,0,4.8,Jan-19,21.035,19.255,
41621-1,Ron Weasley & Albus Dumbledore,2018,610,245,0,17.99,0,4.9,Jan-19,19.21,26.795,
41622-1,Peter Venkman & Slimer,2018,610,228,0,17.99,0,4.9,Jan-19,21.28,27.795,
41623-1,Ariel & Ursula,2018,610,361,0,17.99,0,4.9,Mar-19,20.03,35.345,
41626-1,Groot & Rocket,2018,610,189,0,14.99,0,4.9,Jan-19,22.145,32.92,
41627-1,Luke Skywalker & Yoda,2018,610,215,0,14.99,0,4.9,Apr-19,18.545,37.945,
41631-1,Newt Scamander & Gellert Grindelwald,2018,610,247,0,17.99,0,4.9,Feb-19,18.71,20.73,
41632-1,Homer Simpson & Krusty the Clown,2018,610,215,0,17.99,0,4.9,Dec-18,23.195,32.24,
42072-1,WHACK!,2018,1,135,0,17.99,0,4.7,Mar-20,17.605,27.89,
42073-1,BASH!,2018,1,139,0,17.99,0,4.7,Nov-19,19.26,24.305,
42074-1,Racing Yacht,2018,1,331,0,24.99,0,4.7,Dec-19,38.28,50.6,
42075-1,First Responder,2018,1,513,0,34.99,0,4.7,Jan-20,40.08,56.29,
42076-1,Hovercraft,2018,1,1020,0,59.99,0,4.4,Dec-18,65.665,73.045,
42077-1,Rally Car,2018,1,1005,0,89.99,0,4.5,Dec-19,93.55,116.385,
42078-1,Mack Anthem,2018,1,2595,0,139.99,0,4.7,Dec-19,177.325,227.41,
42079-1,Heavy Duty Forklift,2018,1,592,0,54.99,0,4.7,Jan-20,64.9,79.145,
42080-1,Forest Machine,2018,1,1003,0,119.99,0,4.7,Mar-20,119.845,131.105,
42082-1,Rough Terrain Crane,2018,1,4056,0,229.99,0,4.8,Mar-21,289.14,312.965,
60173-1,Mountain Arrest,2018,61,303,4,39.99,3,4.6,Jan-20,51.94,62.105,
60174-1,Mountain Police Headquarters,2018,61,663,7,69.99,5,4.7,Jan-20,73.565,110.885,
60180-1,Monster Truck,2018,64,192,1,14.99,1,4.5,Feb-20,16.755,21.37,
60181-1,Forest Tractor,2018,57,174,1,17.99,1,4.7,Feb-20,20.89,26.12,
60182-1,Pickup & Caravan,2018,52,344,3,24.99,3,4.7,Feb-20,25.98,53.345,
60183-1,Heavy Cargo Transport,2018,63,310,2,24.99,2,4.7,Jan-20,27.865,40.7,
60185-1,Mining Power Splitter,2018,56,127,1,12.99,0,4.4,Jul-19,18.4,17.11,
60186-1,Mining Heavy Driller,2018,56,294,3,39.99,0,4.5,Jul-19,39.435,47.88,
60188-1,Mining Experts Site,2018,56,883,6,79.99,2,4.7,Jul-19,80.39,116.05,
60192-1,Arctic Ice Crawler,2018,65,200,1,15.99,0,4.6,Jan-20,26.16,27.69,
60193-1,Arctic Air Transport,2018,65,277,2,24.99,0,4.7,Dec-19,35.54,51.62,
60195-1,Arctic Mobile Exploration Base,2018,65,786,6,84.99,1,4.5,Jan-20,89.325,120.88,
60197-1,Passenger Train,2018,66,677,4,119.99,4,4.7,Aug-22,143.91,148.535,
60198-1,Cargo Train,2018,66,1226,6,179.99,5,4.7,Jun-21,188.125,204.33,
60201-1,City Advent Calendar 2018,2018,208,313,6,22.99,6,4.5,Nov-18,28.72,27.415,
60202-1,People Pack - Outdoor Adventures,2018,52,164,15,34.99,15,4.8,Dec-19,33.745,48.155,
60204-1,City Hospital,2018,60,861,12,69.99,11,4.8,Dec-19,88.485,155.06,
70638-1,Katana V11,2018,435,257,2,14.99,2,4.7,Jan-20,19.02,24.505,
70641-1,Ninja Nightcrawler,2018,435,552,3,34.99,3,4.8,Jan-20,36.465,68.725,
70642-1,Killow vs. Samurai X,2018,435,556,3,44.99,2,4.9,Jan-19,42.71,59.015,
70643-1,Temple of Resurrection,2018,435,765,7,59.99,6,4.8,Dec-18,56.245,91.055,
70644-1,Golden Dragon Master,2018,435,93,1,12.99,1,4.5,Mar-19,13.865,15.005,
70645-1,Cole - Dragon Master,2018,435,93,1,12.99,1,4.4,Apr-19,14.26,16.625,
70646-1,Jay - Dragon Master,2018,435,93,1,12.99,1,4.5,Apr-19,13.445,15.49,
70647-1,Kai - Dragon Master,2018,435,93,1,12.99,1,4.5,Apr-19,14.44,14.48,
70648-1,Zane - Dragon Master,2018,435,92,1,12.99,1,4.5,Jul-19,13.33,14.055,
70651-1,Throne Room Showdown,2018,435,222,5,17.99,4,4.8,Aug-19,18.325,24.715,
70652-1,Stormbringer,2018,435,498,4,34.99,1,4.8,Jan-20,36.735,78.3,
70653-1,Firstbourne,2018,435,892,6,59.99,2,4.8,Jan-20,56.75,105.04,
70654-1,Dieselnaut,2018,435,1188,7,89.99,1,4.9,Jan-20,94.87,136.28,
70655-1,Dragon Pit,2018,435,1669,9,119.99,4,4.8,Jan-20,118.315,155.035,
70657-1,NINJAGO City Docks,2018,616,3555,14,199.99,11,4.9,Nov-19,193.615,345.93,
70658-1,Oni Titan,2018,435,530,4,44.99,2,4.9,Aug-19,43.185,67.02,
70918-1,The Bat-Dune Buggy,2018,708,198,2,19.99,1,4.7,Dec-18,18.93,19.91,
70919-1,The Justice League Anniversary Party,2018,708,268,4,29.99,4,4.5,Jan-19,29.95,29.55,
70920-1,Egghead Mech Food Fight,2018,708,293,3,29.99,2,4.6,Jan-19,26.31,28,
70921-1,Harley Quinn Cannonball Attack,2018,708,425,4,49.99,3,4.5,Feb-19,46.105,49.82,
70923-1,The Bat-Space Shuttle,2018,708,643,6,69.99,4,4.8,Nov-18,71.055,91.745,
75181-1,Y-Wing Starfighter,2018,171,1967,2,169.99,2,5,Nov-19,176.09,293.38,
75195-1,Ski Speeder vs First Order Walker Microfighters,2018,158,216,2,16.99,1,4.4,Mar-19,16,19.045,
75196-1,A-Wing vs. TIE Silencer Microfighters,2018,158,188,2,16.99,1,4.3,Jan-20,17.12,20.76,
75197-1,First Order Specialists Battle Pack,2018,158,108,4,12.99,1,4.7,Feb-19,13.135,16.44,
75198-1,Tatooine Battle Pack,2018,158,97,4,12.99,1,4.5,Apr-18,14.43,15.39,
75199-1,General Grievous' Combat Speeder,2018,158,157,2,25.99,1,4.7,Dec-19,25.53,42.87,
75200-1,Ahch-To Island Training,2018,158,241,2,25.99,2,4.5,Dec-18,25.48,25.595,
75201-1,First Order AT-ST,2018,158,370,4,54.99,3,4.8,Feb-19,44.58,46.785,
75202-1,Defense of Crait,2018,158,746,5,74.99,3,4.3,May-19,67.71,73.8,
75203-1,Hoth Medical Chamber,2018,158,255,4,34.99,3,4.7,Sep-19,29.455,35.545,
75204-1,Sandspeeder,2018,158,278,2,34.99,2,4.8,Apr-18,33.09,30.98,
75205-1,Mos Eisley Cantina,2018,158,376,4,44.99,1,4.5,Apr-18,43.77,39.135,
75208-1,Yoda's Hut,2018,158,229,3,25.99,2,4.8,Nov-19,25.695,42.71,
75209-1,Han Solo's Landspeeder,2018,158,345,2,25.99,2,4.6,Aug-19,27.435,29.93,
75210-1,Moloch's Landspeeder,2018,158,464,2,44.99,2,4.5,Dec-19,39.38,40.255,
75212-1,Kessel Run Millennium Falcon,2018,158,1414,7,149.99,5,4.7,Feb-20,152.285,169.525,
75213-1,Star Wars Advent Calendar 2018,2018,209,307,7,24.99,2,4.6,Nov-18,34.71,32.68,
75214-1,Anakin's Jedi Starfighter,2018,158,247,2,25.99,1,4.8,Aug-20,25.265,29.68,
75215-1,Cloud-Rider Swoop Bikes,2018,158,355,3,25.99,3,4.6,Sep-19,25.135,28.365,
75216-1,Snoke's Throne Room,2018,158,492,5,64.99,1,4.7,Sep-19,56.89,62.72,
75217-1,Imperial Conveyex Transport,2018,158,622,5,79.99,4,4.7,Oct-19,81.78,82.915,
75218-1,X-Wing Starfighter,2018,158,730,4,89.99,3,4.9,Nov-19,85.73,114.255,
75219-1,Imperial AT-Hauler,2018,158,829,5,89.99,5,4.5,Sep-19,79.955,84.27,
75220-1,Sandcrawler,2018,158,1239,6,109.99,3,4.8,Nov-19,115.18,167.49,
75222-1,Betrayal at Cloud City,2018,158,2812,21,299.99,7,4.9,Nov-19,274.11,436.83,
75230-1,Porg,2018,158,811,0,59.99,0,4.8,Dec-19,60.22,92.92,
75251-1,Darth Vader's Castle,2018,158,1060,6,119.99,2,4.8,Oct-21,140.37,161.105,
75535-1,Han Solo,2018,158,100,0,25.99,0,4.5,May-19,23.82,23.15,
75536-1,Range Trooper,2018,158,101,0,25.99,0,4.8,Dec-18,24.54,25.515,
75537-1,Darth Maul,2018,158,104,0,25.99,0,4.8,Jan-19,24.045,28.66,
75886-1,"Ferrari 488 GT3 ""Scuderia Corsa""",2018,601,186,1,12.99,1,4.8,Nov-19,14.505,24.345,
75887-1,Porsche 919 Hybrid,2018,601,170,1,12.99,1,4.8,Mar-19,15.19,24.505,
75888-1,Porsche 911 RSR and 911 Turbo 3.0,2018,601,398,3,34.99,3,4.9,Dec-19,33.64,46.04,
75889-1,Ferrari Ultimate Garage,2018,601,856,7,89.99,7,4.7,Dec-19,88.835,106.04,
75926-1,Pteranodon Chase,2018,602,126,2,19.99,1,4.8,Mar-20,19.16,20.855,
75928-1,Blue's Helicopter Pursuit,2018,602,397,3,49.99,2,4.8,Feb-20,41.87,60.65,
75929-1,Carnotaurus Gyrosphere Escape,2018,602,577,3,59.99,2,4.8,Mar-20,63.06,87.03,
75930-1,Indoraptor Rampage at Lockwood,2018,602,1019,6,119.99,3,4.9,Mar-20,115.61,168.885,
75931-1,Dilophosaurus Outpost Attack,2018,602,289,3,44.99,3,4.9,Jun-20,44.515,58.84,
75932-1,Jurassic Park Velociraptor Chase,2018,602,360,4,44.99,3,4.8,Jan-20,39.56,48.965,
75933-1,T-Rex Transport,2018,602,609,3,59.99,3,4.9,Mar-20,61.645,98.525,
75951-1,Grindelwald's Escape,2018,667,132,2,19.99,2,4.6,Feb-20,19.605,22.075,
75952-1,Newt's Case of Magical Creatures,2018,667,694,4,44.99,4,4.8,Mar-20,43.48,55.375,
75953-1,Hogwarts Whomping Willow,2018,246,754,6,59.99,2,4.6,Dec-21,76.605,75.785,
75954-1,Hogwarts Great Hall,2018,246,882,10,89.99,6,4.7,Aug-21,116.73,109.15,
75955-1,Hogwarts Express,2018,246,806,6,74.99,3,4.4,Nov-22,164.689,65.105,
76095-1,Black Manta Strike,2018,695,235,3,29.99,3,4.8,Dec-19,30.78,50.915,
76096-1,Superman & Krypto Team-Up,2018,700,208,2,19.99,1,4.7,Dec-18,18.435,19.225,
76097-1,Lex Luthor Mech Takedown,2018,700,415,5,34.99,5,4.7,Nov-18,30.635,34.62,
76098-1,Speed Force Freeze Pursuit,2018,700,280,4,29.99,3,4.7,Jan-19,33.615,36.315,
76099-1,Rhino Face-Off by the Mine,2018,696,229,3,19.99,3,4.7,Dec-18,18.955,19.57,
76100-1,Royal Talon Fighter Attack,2018,696,358,4,29.99,3,4.7,Mar-19,28.205,26.76,
76101-1,Outrider Dropship Attack,2018,702,124,4,11.99,2,4.3,Mar-19,12.06,12.34,
76102-1,Thor's Weapon Quest,2018,702,229,3,19.99,2,4.8,Aug-19,18.295,28.38,
76103-1,Corvus Glaive Thresher Attack,2018,702,416,5,34.99,2,4.8,Feb-19,34.18,71.84,
76104-1,The Hulkbuster Smash-Up,2018,702,375,4,29.99,2,4.8,Jan-20,29.025,32.985,
76105-1,The Hulkbuster: Ultron Edition,2018,702,1363,1,119.99,1,4.9,Dec-19,125.455,148.97,
76107-1,Thanos: Ultimate Battle,2018,702,681,4,69.99,5,4.9,Feb-20,65.685,71.765,
76110-1,Batman: The Attack of the Talons,2018,697,165,3,19.99,2,4.8,Aug-19,20.095,24.2,
76111-1,Batman: Brother Eye Takedown,2018,697,279,3,29.99,1,4.5,Aug-19,28.02,29.58,
76112-1,App-Controlled Batmobile,2018,697,331,1,89.99,1,4.7,Jan-20,84.13,103.83,
CLUBHOUSE-1,Clubhouse,2018,494,80,0,29.99,0,4.3,Aug-18,30.615,41.02,
10256-1,Taj Mahal,2017,673,5923,0,299.99,0,4.9,Nov-20,397.71,396.105,
10257-1,Carousel,2017,673,2670,7,159.99,8,4.5,Dec-19,191.35,330.345,
10259-1,Winter Village Station,2017,228,902,5,74.99,5,4.8,Nov-18,81.01,91.65,
10734-1,Demolition Site,2017,591,175,3,24.99,2,4.5,Jul-18,26.5,37.57,
10736-1,Anna & Elsa's Frozen Playground,2017,591,94,2,19.99,2,4.6,Dec-18,23.955,37.41,
10737-1,Batman vs. Mr. Freeze,2017,592,64,2,12.99,1,4.4,Dec-18,13.545,14.08,
10738-1,Snow White's Forest Cottage,2017,593,67,1,12.99,1,4.7,Aug-18,15.465,19.41,
10742-1,Willy's Butte Speed Training,2017,615,95,2,15.99,2,4.4,Aug-18,22.85,19.315,
10743-1,Smokey's Garage,2017,615,124,3,19.99,3,4.6,Feb-19,19.725,32.165,
10744-1,Thunder Hollow Crazy 8 Race,2017,615,191,4,29.99,4,4.6,Dec-18,35.715,37.425,
10745-1,Florida 500 Race Final,2017,615,266,5,44.99,4,4.7,Dec-18,45.91,45.69,
10746-1,Mia's Farm Suitcase,2017,595,106,1,17.99,1,4.4,Jul-18,18.35,27.91,
10747-1,Andrea and Stephanie's Beach Holiday,2017,595,144,2,24.99,2,4.4,Dec-17,25.155,29.64,
10842-1,Batcave Challenge,2017,653,73,0,44.99,0,4.5,Nov-17,48.175,76.05,
10855-1,Cinderella's Magical Castle,2017,640,56,0,29.99,0,4.6,Nov-17,28.815,45.385,
21032-1,Sydney,2017,253,361,0,29.99,0,5,Nov-18,30.455,43.63,
21033-1,Chicago,2017,253,444,0,44.99,0,4.9,Dec-18,42.515,57.45,
21035-1,Solomon R. Guggenheim Museum,2017,252,744,0,64.99,0,4.8,Dec-18,68.61,77.1,
21036-1,Arc de Triomphe,2017,252,386,0,29.99,0,4.9,Nov-18,30.98,51.385,
21129-1,The Mushroom Island,2017,577,247,2,19.99,0,4.8,Dec-18,19.77,20.59,
21130-1,The Nether Railway,2017,577,387,2,39.99,1,4.8,Feb-19,33.59,39.25,
21131-1,The Ice Spikes,2017,577,454,2,44.99,1,4.7,Jan-18,45.945,73.525,
21133-1,The Witch Hut,2017,577,502,2,64.99,2,4.7,Nov-17,59.66,92.4,
21134-1,The Waterfall Base,2017,577,729,4,74.99,2,4.7,Nov-18,65.49,72.27,
21135-1,The Crafting Box 2.0,2017,577,717,2,79.99,1,4.8,Dec-19,68.685,99.62,
21136-1,The Ocean Monument,2017,577,1122,2,119.99,1,4.8,Mar-19,112.05,126.455,
21309-1,NASA Apollo Saturn V,2017,576,1969,0,109.99,0,4.7,Dec-19,112.375,134.525,
21310-1,Old Fishing Store,2017,576,2057,4,139.99,4,5,Oct-18,152.06,193.23,
21312-1,Women of NASA,2017,576,231,4,19.99,4,4.7,Jun-19,27.1,25.485,
31063-1,Beachside Vacation,2017,672,275,2,19.99,2,4.3,Mar-18,21.695,26.99,
31064-1,Island Adventures,2017,672,359,1,19.99,1,4.3,Jan-18,33.54,23.7,
31066-1,Space Shuttle Explorer,2017,672,285,1,24.99,1,4.6,Nov-18,25.955,34.12,
31067-1,Modular Poolside Holiday,2017,672,356,2,19.99,2,4.6,Jul-18,21.595,30.135,
31068-1,Modular Modern Home,2017,672,386,2,27.99,2,4.6,Nov-18,29.26,29.555,
31069-1,Modular Family Villa,2017,672,728,3,44.99,3,4.7,Dec-18,64.36,66.625,
31070-1,Turbo Track Racer,2017,672,670,0,54.99,0,4.7,Jan-19,53.965,53.64,
40171-1,Hedgehog Storage,2017,494,249,0,10.99,0,4.5,Feb-18,14.57,19.995,
40172-1,Brick Calendar,2017,301,278,1,15.99,1,4.4,Jul-21,29.02,30.135,
40251-1,Mini Piggy Bank,2017,672,248,0,11.99,0,4.4,May-20,15.605,12.315,
41145-1,Ariel and the Magical Spell,2017,579,222,2,24.99,2,4.8,Dec-18,26,28.085,
41146-1,Cinderella's Enchanted Evening,2017,579,351,2,39.99,2,4.4,Dec-18,41.17,37.69,
41147-1,Anna's Snow Adventure,2017,687,153,1,19.99,1,4.3,Nov-17,19.13,19.085,
41183-1,The Goblin King's Evil Dragon,2017,600,339,0,24.99,0,4.7,Nov-18,24.875,30.04,
41186-1,Azari & the Goblin Forest Escape,2017,600,145,0,17.99,0,4.7,Dec-18,18.98,18.42,
41187-1,Rosalyn's Healing Hideout,2017,600,460,0,39.99,0,4.8,Dec-18,42.945,53.265,
41233-1,Lashina Tank,2017,617,145,0,11.99,0,4.3,Dec-17,13.21,12.855,
41234-1,Bumblebee Helicopter,2017,617,142,0,11.99,0,4.6,Feb-18,13.895,14.245,
41235-1,Wonder Woman Dorm,2017,617,186,0,19.99,0,4.7,Nov-17,18.27,32.025,
41237-1,Batgirl Secret Bunker,2017,617,351,0,39.99,0,4.4,Dec-17,43.925,39.31,
41238-1,Lena Luthor Kryptomite Factory,2017,617,432,0,54.99,0,4.6,Apr-18,61.53,51.715,
41239-1,Eclipso Dark Palace,2017,617,1079,0,99.99,0,4.5,Apr-18,116.19,96.7,
41310-1,Heartlake Gift Delivery,2017,494,185,0,17.99,0,4.5,Dec-17,19.725,19.1,
41311-1,Heartlake Pizzeria,2017,494,305,0,24.99,0,4.6,Jan-19,29.27,30.46,
41312-1,Heartlake Sports Center,2017,494,328,0,39.99,0,4.6,Dec-17,40.53,36.725,
41313-1,Heartlake Summer Pool,2017,494,589,0,54.99,0,4.5,Jul-19,45.035,62.535,
41314-1,Stephanie's House,2017,494,640,0,64.99,0,4.6,Nov-19,64.085,120.72,
41316-1,Andrea's Speedboat Transporter,2017,494,309,0,24.99,0,4.4,Jan-19,23.995,29.905,
41317-1,Sunshine Catamaran,2017,494,603,0,64.99,0,4.2,Nov-18,73.84,67.69,
41318-1,Heartlake Hospital,2017,494,880,0,84.99,0,4.6,Oct-18,85.93,105.635,
41319-1,Snow Resort Hot Chocolate Van,2017,494,246,0,19.99,0,4.6,Jan-19,25.98,27.98,
41321-1,Snow Resort Off-Roader,2017,494,141,0,12.99,0,4.7,Nov-17,15.92,15.57,
41323-1,Snow Resort Chalet,2017,494,402,0,39.99,0,4.5,Nov-18,37.77,40.93,
41324-1,Snow Resort Ski Lift,2017,494,585,0,54.99,0,4.7,Feb-19,55.29,53.56,
41326-1,Friends Advent Calendar 2017,2017,216,217,0,19.99,0,4.5,Nov-17,29.395,23.27,
42057-1,Ultralight Helicopter,2017,1,199,0,14.99,0,4.7,Dec-18,20.325,26.13,
42058-1,Stunt Bike,2017,1,140,0,17.99,0,4.7,Dec-18,18.19,24.375,
42059-1,Stunt Truck,2017,1,142,0,17.99,0,4.5,Dec-18,21.96,23.815,
42060-1,Roadwork Crew,2017,1,365,0,19.99,0,4.6,Dec-18,23.655,23.39,
42061-1,Telehandler,2017,1,260,0,24.99,0,4.4,Nov-17,31.04,33.36,
42062-1,Container Yard,2017,1,631,0,54.99,0,4.7,Dec-18,56.125,57.91,
42064-1,Ocean Explorer,2017,1,1327,0,74.99,0,4.7,Dec-18,131.79,129.485,
42065-1,RC Tracked Racer,2017,1,370,0,74.99,0,4.4,Dec-18,95.12,91.085,
42066-1,Air Race Jet,2017,1,1151,0,109.99,0,4.5,Aug-18,158.72,121.435,
42069-1,Extreme Adventure,2017,1,2382,0,139.99,0,4.5,Nov-18,156.825,151.085,
42070-1,6x6 All Terrain Tow Truck,2017,1,1862,0,219.99,0,4.6,Jan-20,247.265,288.54,
60137-1,Tow Truck Trouble,2017,61,144,3,17.99,3,4.4,Dec-19,23.69,25.625,
60139-1,Mobile Command Center,2017,61,374,4,39.99,1,4.5,Nov-21,47.765,41.96,
60140-1,Bulldozer Break-In,2017,61,561,5,64.99,2,4.6,Dec-18,63.48,66.125,
60141-1,Police Station,2017,61,894,7,84.99,4,4.7,Jan-20,95.59,148.99,
60142-1,Money Transporter,2017,61,138,2,12.99,2,4.7,Jan-18,20.085,28.825,
60148-1,ATV Race Team,2017,63,239,2,17.99,2,4.6,Dec-19,20.05,26.715,
60150-1,Pizza Van,2017,63,249,2,14.99,2,4.5,Dec-19,18.875,23.51,
60151-1,Dragster Transporter,2017,52,333,2,24.99,2,4.6,Nov-17,24.74,35.7,
60152-1,Sweeper & Excavator,2017,56,299,2,24.99,1,4.6,Nov-17,24.725,47.27,
60153-1,People Pack - Fun At The Beach,2017,52,169,15,34.99,15,4.4,Dec-18,35.59,33.55,
60154-1,Bus Station,2017,63,337,6,39.99,6,4.7,Jan-19,47.935,48.06,
60158-1,Jungle Cargo Helicopter,2017,614,201,2,15.99,1,4.7,Jan-19,18.8,19.92,
60159-1,Jungle Halftrack Mission,2017,614,378,2,24.99,2,4.5,Dec-18,28.325,32.76,
60161-1,Jungle Exploration Site,2017,614,813,7,84.99,6,4.7,Dec-18,106.62,101.905,
60162-1,Jungle Air Drop Helicopter,2017,614,1250,7,109.99,4,4.8,Aug-18,133.82,127.495,
60164-1,Sea Rescue Plane,2017,55,141,2,15.99,2,4.7,Dec-18,18.71,18.04,
60166-1,Heavy-Duty Rescue Helicopter,2017,55,415,4,39.99,4,4.6,Dec-18,51.08,51.715,
60167-1,Coast Guard Head Quarters,2017,55,795,7,84.99,7,4.5,Dec-18,98.7,136.64,
60168-1,Sailboat Rescue,2017,55,196,2,19.99,2,4.6,Nov-17,29.15,31.085,
60169-1,Cargo Terminal,2017,54,740,4,64.99,4,4.5,Jan-19,61.67,71.675,
70348-1,Lance's Twin Jouster,2017,605,216,3,14.99,1,4.6,Dec-17,17.715,20.09,
70349-1,Ruina's Lock & Roller,2017,605,208,3,14.99,2,4.7,Jan-18,20.52,21.425,
70350-1,The Three Brothers,2017,605,266,3,24.99,2,4.7,Mar-18,27.365,25.11,
70352-1,Jestro's Headquarters,2017,605,840,7,84.99,2,4.6,Dec-17,81.59,82.425,
70353-1,The Heligoyle,2017,605,318,3,29.99,1,4.8,Dec-17,33.08,35.215,
70354-1,Axl's Rumble Maker,2017,605,393,4,29.99,2,4.7,Dec-17,31.575,37.72,
70355-1,Aaron's Rock Climber,2017,605,598,5,49.99,3,4.7,Apr-18,60.7,64.35,
70356-1,The Stone Colossus of Ultimate Destruction,2017,605,786,3,59.99,3,4.8,Dec-17,57.645,96.2,
70357-1,Knighton Castle,2017,605,1426,11,109.99,9,4.7,Aug-18,119.29,105.305,
70358-1,Aaron's Stone Destroyer,2017,605,251,2,19.99,1,4.6,Nov-17,24.68,28.125,
70359-1,Lance vs. Lightning,2017,605,257,2,19.99,0,4.6,Dec-17,24.435,28.87,
70361-1,Macy's Bot Drop Dragon,2017,605,153,3,12.99,1,4.7,Dec-17,14.955,15.35,
70607-1,NINJAGO City Chase,2017,616,233,5,14.99,3,4.4,Aug-18,21.515,22.465,
70608-1,Master Falls,2017,616,312,4,24.99,0,4.8,Nov-18,27.545,34.235,
70610-1,Flying Jelly Sub,2017,616,341,4,24.99,3,4.7,Jan-19,25.68,26.92,
70611-1,Water Strider,2017,616,494,4,39.99,1,4.8,Dec-18,36.245,35.14,
70613-1,Garma Mecha Man,2017,616,747,4,59.99,1,4.9,Feb-19,55.845,60.395,
70614-1,Lightning Jet,2017,616,876,3,59.99,4,4.8,Nov-18,69.695,63.095,
70615-1,Fire Mech,2017,616,944,6,59.99,5,4.8,Dec-18,62.595,67.835,
70616-1,Ice Tank,2017,616,914,5,79.99,3,4.9,Mar-19,84.105,128.89,
70618-1,Destiny's Bounty,2017,616,2296,7,109.99,1,4.9,Sep-19,162.515,206.56,
70620-1,NINJAGO City,2017,616,4873,19,259.99,16,5,Nov-19,256.805,492.33,
70622-1,Desert Lightning,2017,435,201,3,14.99,2,4.7,Nov-17,17.095,29.735,
70623-1,Destiny's Shadow,2017,435,361,3,24.99,2,4.7,Nov-17,36.7,35.175,
70624-1,Vermillion Invader,2017,435,313,3,24.99,0,4.7,Nov-17,29.06,27.57,
70626-1,Dawn of Iron Doom,2017,435,704,6,59.99,5,4.8,Nov-17,53.69,68.115,
70629-1,Piranha Attack,2017,616,217,4,14.99,1,4.8,Dec-18,18.925,21.04,
70632-1,Quake Mech,2017,616,1202,5,79.99,3,4.9,Feb-19,74.305,97.895,
70656-1,"garmadon, Garmadon, GARMADON!",2017,616,830,6,79.99,3,4.8,Jan-19,79.815,96.45,
70900-1,The Joker Balloon Escape,2017,708,124,2,11.99,1,4.3,Jan-19,13.54,12.46,
70901-1,Mr. Freeze Ice Attack,2017,708,201,3,19.99,2,4.8,Jan-19,17.985,19.275,
70902-1,Catwoman Catcycle Chase,2017,708,139,3,19.99,0,4.2,Mar-18,22.185,18.59,
70903-1,The Riddler Riddle Racer,2017,708,254,5,29.99,4,4.2,Aug-18,26.725,28.32,
70904-1,Clayface Splat Attack,2017,708,448,2,29.99,1,4.2,Mar-18,30.925,30.235,
70905-1,The Batmobile,2017,708,581,5,54.99,1,4.6,Dec-18,51.82,58.025,
70906-1,The Joker Notorious Lowrider,2017,708,433,3,54.99,1,4.5,Aug-18,54.74,50.085,
70907-1,Killer Croc Tail-Gator,2017,708,460,4,64.99,3,4.4,Mar-18,73.715,65.31,
70908-1,The Scuttler,2017,708,775,6,84.99,5,4.2,Mar-18,78.585,73.405,
70910-1,Scarecrow Special Delivery,2017,708,203,3,19.99,2,4.5,Aug-18,20.96,18.455,
70911-1,The Penguin Arctic Roller,2017,708,305,2,29.99,1,4.8,Nov-18,28.1,30.29,
70914-1,Bane Toxic Truck Attack,2017,708,366,3,49.99,2,4.7,Aug-18,48.02,49.9,
70915-1,Two-Face Double Demolition,2017,708,564,4,49.99,3,4.5,Mar-18,50.985,47.18,
70916-1,The Batwing,2017,708,1053,3,99.99,1,4.4,Aug-18,89.095,94.525,
70922-1,The Joker Manor,2017,708,3445,10,249.99,7,4.9,Dec-18,246.88,299.02,
71042-1,Silent Mary,2017,263,2294,8,179.99,8,4.8,Dec-18,218.56,192.465,
71264-1,The LEGO Batman Movie: Play The Complete Movie Story Pack,2017,604,156,2,39.99,2,4.4,Sep-17,37.765,43.66,
71267-1,Goonies Level Pack,2017,604,118,1,29.99,1,4.5,Oct-17,28.07,27.035,
71287-1,Teen Titans Go! Fun Pack,2017,604,56,1,14.99,1,4.7,Jul-18,13.3,11.785,
71343-1,The Powerpuff Girls Fun Pack,2017,604,56,1,14.99,0,4.5,Jul-18,15.07,13.495,
71346-1,The Powerpuff Girls Team Pack,2017,604,93,2,29.99,1,4.3,Jan-18,25.045,27.23,
71349-1,Beetlejuice Fun Pack,2017,604,56,1,14.99,1,4.9,Jan-18,14.385,12.3,
75144-1,Snowspeeder,2017,171,1703,2,169.99,2,4.7,Jan-19,160.93,189.445,
75164-1,Rebel Trooper Battle Pack,2017,158,119,4,11.99,4,4.7,Dec-17,12.7,14.78,
75165-1,Imperial Trooper Battle Pack,2017,158,111,4,11.99,0,4.7,Dec-17,12.7,20.89,
75166-1,First Order Transport Speeder Battle Pack,2017,158,117,4,11.99,1,4.8,Apr-18,14.145,14.395,
75168-1,Yoda's Jedi Starfighter,2017,158,262,2,19.99,0,4.7,Apr-18,22.14,21.095,
75169-1,Duel on Naboo,2017,158,208,3,19.99,2,4.7,Apr-18,21.61,21.73,
75170-1,The Phantom,2017,158,269,3,39.99,2,4.8,Dec-17,34.215,34.925,
75171-1,Battle on Scarif,2017,158,419,4,54.99,3,4.8,Nov-17,50.825,50.62,
75172-1,Y-Wing Starfighter,2017,158,691,5,64.99,3,4.8,Apr-18,61.81,63.38,
75173-1,Luke's Landspeeder,2017,158,149,4,19.99,0,4.6,Apr-18,21.365,21.29,
75174-1,Desert Skiff Escape,2017,158,284,4,29.99,2,4.7,Apr-18,29.91,31.89,
75177-1,First Order Heavy Scout Walker,2017,158,554,4,49.99,2,4.3,Apr-19,50.95,46.66,
75178-1,Jakku Quadjumper,2017,158,457,5,54.99,1,4.8,Jan-19,48.81,52.47,
75179-1,Kylo Ren's TIE Fighter,2017,158,630,5,74.99,2,4.8,Apr-18,73.685,72.22,
75180-1,Rathtar Escape,2017,158,836,5,84.99,1,4.5,Apr-19,78.13,76.395,
75182-1,Republic Fighter Tank,2017,158,305,4,19.99,2,4.7,Dec-18,22.51,28.13,
75183-1,Darth Vader Transformation,2017,158,290,6,19.99,4,4.7,Apr-18,20.675,27.04,
75185-1,Tracker I,2017,158,557,4,64.99,2,4.5,Dec-18,61.965,61.16,
75187-1,BB-8,2017,158,1106,1,84.99,0,4.8,Jan-20,90.31,111.62,
75188-1,Resistance Bomber,2017,158,780,6,99.99,0,4.8,Mar-19,102.52,97.175,
75190-1,First Order Star Destroyer,2017,158,1416,8,129.99,4,4.8,Oct-19,130.725,207.07,
75523-1,Scarif Stormtrooper,2017,158,89,0,19.99,0,4.4,Mar-18,32.245,22.175,
75525-1,Baze Malbus,2017,158,148,0,19.99,0,4.3,Apr-18,21.29,21.075,
75526-1,Elite TIE Fighter Pilot,2017,158,94,0,19.99,0,4.8,Apr-19,18.58,20.825,
75529-1,Elite Praetorian Guard,2017,158,92,0,19.99,0,4.8,Aug-18,30.73,20.69,
75530-1,Chewbacca,2017,158,179,0,24.99,0,4.6,Nov-18,27.32,35.695,
75531-1,Stormtrooper Commander,2017,158,100,0,19.99,0,4.7,May-18,19.775,22.585,
75532-1,Scout Trooper & Speeder Bike,2017,158,452,0,49.99,0,4.7,Nov-18,48.235,58.295,
75878-1,Bugatti Chiron,2017,601,188,1,12.99,1,4.9,Apr-18,13.725,26.25,
75879-1,Scuderia Ferrari SF16-H,2017,601,184,1,12.99,1,4.9,Jan-19,18.545,21.5,
75880-1,McLaren 720S,2017,601,168,1,12.99,1,4.8,Dec-18,19.165,24.535,
75881-1,2016 Ford GT & 1966 Ford GT40,2017,601,373,3,29.99,3,4.8,Nov-18,34.44,54.41,
75882-1,Ferrari FXX K & Development Center,2017,601,496,4,44.99,4,4.8,Jan-18,47.35,60.67,
75883-1,MERCEDES AMG PETRONAS Formula One Team,2017,601,963,8,84.99,7,4.7,Dec-18,89.57,97.55,
76075-1,Wonder Woman Warrior Battle,2017,695,286,2,29.99,2,4.8,Mar-18,30.635,32.17,
76076-1,Captain America Jet Pursuit,2017,702,161,3,19.99,3,4.7,Aug-18,18.225,35.865,
76079-1,Ravager Attack,2017,704,198,3,19.99,2,4.7,Mar-18,19.55,21.97,
76081-1,The Milano vs. The Abilisk,2017,704,462,5,44.99,5,4.7,Jan-18,49.925,44.965,
76082-1,ATM Heist Battle,2017,706,186,3,19.99,2,4.8,Dec-18,20.99,21.545,
76083-1,Beware the Vulture,2017,706,376,4,44.99,3,4.2,Dec-18,39.89,42.275,
76084-1,The Ultimate Battle for Asgard,2017,696,401,6,49.99,4,4.3,Aug-18,59.935,51.06,
76085-1,Battle of Atlantis,2017,700,198,4,19.99,3,4.2,Jan-19,18.275,18.38,
76086-1,Knightcrawler Tunnel Attack,2017,700,623,4,54.99,2,4.5,Sep-18,56.53,47.03,
76087-1,Flying Fox: Batmobile Airlift Attack,2017,700,956,6,99.99,2,4.6,Jan-19,97.065,99.86,
76088-1,Thor vs. Hulk: Arena Clash,2017,696,493,5,54.99,5,4.5,Aug-18,56.165,62.665,
853650-1,Movie Maker Set,2017,708,152,1,15.99,0,4.5,Feb-18,21.47,24.285,
10251-1,Brick Bank,2016,155,2384,6,119.99,6,5,Nov-18,155.285,202.15,
10252-1,Volkswagen Beetle,2016,673,1167,0,74.99,0,4.5,Dec-20,118.9,129.075,
10253-1,Big Ben,2016,673,4167,0,169.99,0,4.6,Nov-18,205.97,222.14,
10254-1,Winter Holiday Train,2016,228,735,5,69.99,5,4.9,Dec-19,95.415,154.03,
10702-1,Creative Building Set,2016,621,583,0,19.99,0,4.6,Nov-17,26.115,43.265,
10721-1,Iron Man vs. Loki,2016,596,66,2,11.99,2,4.7,Nov-16,11.685,16.85,
10723-1,Ariel's Dolphin Carriage,2016,593,70,1,12.99,1,4.5,Jul-17,12.99,21.85,
10727-1,Emma's Ice Cream Truck,2016,595,136,2,17.99,2,4.6,Nov-17,18.19,43.145,
10728-1,Mia's Vet Clinic,2016,595,182,2,24.99,2,4.4,Dec-17,30.295,37.56,
10804-1,Jungle,2016,632,86,0,39.99,0,4.3,Dec-17,51.745,63.56,
10817-1,Creative Chest,2016,505,73,0,19.99,0,4.5,Nov-17,28.735,33.15,
21026-1,Venice,2016,253,212,0,24.99,0,4.9,Nov-17,31.41,35.6,
21027-1,Berlin,2016,253,289,0,24.99,0,5,Nov-17,25.28,41.62,
21029-1,Buckingham Palace,2016,252,780,0,39.99,0,4.8,Nov-18,47.055,51.31,
21030-1,United States Capitol Building,2016,252,1032,0,84.99,0,4.8,Nov-19,89.325,117.24,
21031-1,Burj Khalifa,2016,252,333,0,39.99,0,4.8,Dec-17,41.48,54.865,
21123-1,The Iron Golem,2016,577,208,2,19.99,0,4.8,Dec-18,19.475,22.3,
21124-1,The End Portal,2016,577,559,3,49.99,1,4.8,Dec-17,55.985,75.105,
21125-1,The Jungle Tree House,2016,577,707,4,74.99,1,4.8,Nov-17,71.26,87.395,
21127-1,The Fortress,2016,577,984,0,89.99,0,4.8,Dec-17,116.55,152.52,
21128-1,The Village,2016,577,1600,9,169.99,4,4.8,Dec-17,215.085,306.225,
21305-1,Maze,2016,576,769,0,59.99,0,4.8,Nov-16,58.955,86.785,
21306-1,The Beatles Yellow Submarine,2016,576,553,5,49.99,5,5,Dec-17,65.395,62.59,
21308-1,Adventure Time,2016,576,496,0,44.99,0,4.5,Jan-19,42.06,41.445,
31044-1,Park Animals,2016,672,202,0,12.99,0,4.7,Nov-16,13.615,16.51,
31045-1,Ocean Explorer,2016,672,213,0,12.99,0,4.7,Jan-18,14.54,24.08,
31046-1,Fast Car,2016,672,222,0,17.99,0,4.6,Nov-17,20.085,20.21,
31047-1,Propeller Plane,2016,672,230,0,17.99,0,4.5,Dec-17,24.18,24.49,
31048-1,Lakeside Lodge,2016,672,370,1,19.99,1,4.4,Nov-17,37.61,36.175,
31049-1,Twin Spin Helicopter,2016,672,326,0,19.99,0,4.6,Mar-18,27.41,36.145,
31050-1,Corner Deli,2016,672,467,2,27.99,2,4.4,Nov-17,32.145,53.255,
31053-1,Treehouse Adventures,2016,672,387,0,24.99,0,4.3,Nov-17,32.59,30.305,
31059-1,Sunset Street Bike,2016,672,194,0,17.99,0,4.6,Dec-17,21.525,19.25,
31060-1,Airshow Aces,2016,672,246,0,17.99,0,4.5,Nov-17,20.005,22.455,
40161-1,What Am I?,2016,408,536,16,29.99,8,4.7,Oct-18,36.43,42.035,
41065-1,Rapunzel's Best Day Ever,2016,579,145,1,19.99,1,4.7,Nov-17,19.78,27.445,
41066-1,Anna & Kristoff's Sleigh Adventure,2016,687,174,2,24.99,1,4.4,Dec-17,28.875,26.74,
41067-1,Belle's Enchanted Castle,2016,579,374,0,49.99,0,4.6,Dec-17,49.01,57.215,
41068-1,Arendelle Castle Celebration,2016,687,477,6,49.99,2,4.5,Nov-17,68.265,64.265,
41110-1,Birthday Party,2016,494,191,0,17.99,0,4.4,Dec-16,17.875,23.49,
41116-1,Olivia's Exploration Car,2016,494,185,0,12.99,0,4.6,Nov-16,12.72,14.7,
41117-1,Pop Star TV Studio,2016,494,194,0,17.99,0,4.5,Dec-16,17.08,21.545,
41118-1,Heartlake Supermarket,2016,494,316,0,29.99,0,4.6,Nov-17,29.145,48.9,
41119-1,Heartlake Cupcake Cafe,2016,494,443,0,34.99,0,4.3,Nov-17,34.53,44.21,
41121-1,Adventure Camp Rafting,2016,494,320,0,24.99,0,4.5,Nov-16,24.56,27.965,
41122-1,Adventure Camp Tree House,2016,494,726,0,59.99,0,4.4,Nov-16,62.085,78.545,
41124-1,Heartlake Puppy Daycare,2016,494,286,0,24.99,0,4.6,Nov-17,34.645,37.61,
41126-1,Heartlake Riding Club,2016,494,590,0,49.99,0,4.5,Nov-17,56.665,72.165,
41128-1,Amusement Park Space Ride,2016,494,195,0,17.99,0,4.5,Nov-17,19,23.25,
41129-1,Amusement Park Hot Dog Van,2016,494,243,0,24.99,0,4.5,Nov-17,32.105,31.475,
41130-1,Amusement Park Roller Coaster,2016,494,1124,0,89.99,0,4.4,Nov-17,100.4,110.575,
41132-1,Heartlake Party Shop,2016,494,176,0,24.99,0,4.6,Sep-17,26.23,32.635,
41133-1,Amusement Park Bumper Cars,2016,494,424,0,34.99,0,4.5,Nov-17,34.395,35.58,
41134-1,Heartlake Performance School,2016,494,774,0,69.99,0,4.5,Dec-17,78.03,79.975,
41135-1,Livi's Pop Star House,2016,494,613,0,49.99,0,4.6,Dec-16,48.535,101.585,
41149-1,Moana's Island Adventure,2016,579,205,1,24.99,1,4.7,Dec-17,24.425,27.965,
41150-1,Moana's Ocean Voyage,2016,579,307,2,39.99,2,4.7,Jan-19,36.695,36.8,
41173-1,Elvendale School of Dragons,2016,600,231,0,17.99,0,4.8,Dec-16,18.67,33.135,
41174-1,The Starlight Inn,2016,600,347,0,24.99,0,4.7,Nov-16,25.87,43.865,
41175-1,Fire Dragon's Lava Cave,2016,600,441,0,34.99,0,4.8,Nov-17,34.395,48.42,
41176-1,The Secret Market Place,2016,600,701,0,49.99,0,4.7,Nov-16,48.69,107.855,
41177-1,The Precious Crystal Mine,2016,600,273,0,24.99,0,4.7,Dec-16,26.545,27.63,
41179-1,Queen Dragon's Rescue,2016,600,836,0,59.99,0,4.8,Nov-17,65.24,119.295,
41180-1,Ragana's Magic Shadow Castle,2016,600,1016,0,74.99,0,4.7,Dec-17,103.235,95.215,
42045-1,Hydroplane Racer,2016,1,180,0,14.99,0,4.4,Dec-17,16.595,20.6,
42047-1,Police Interceptor,2016,1,185,0,17.99,0,4.7,Nov-17,18.43,27.32,
42048-1,Race Kart,2016,1,345,0,24.99,0,4.7,Nov-17,30.325,30.99,
42049-1,Mine Loader,2016,1,476,0,29.99,0,4.5,Dec-17,53.28,39.92,
42050-1,Drag Racer,2016,1,647,0,49.99,0,4.5,Dec-17,71.25,86.745,
42053-1,Volvo EW160E,2016,1,1166,0,94.79,0,4.6,Oct-17,123.56,103.285,
42054-1,CLAAS XERION 5000 TRAC VC,2016,1,1976,0,119.99,0,4.4,Mar-18,144.59,162.04,
60101-1,Airport Cargo Plane,2016,53,157,2,17.99,0,4.7,Nov-17,20.085,32.055,
60102-1,Airport VIP Service,2016,53,364,4,39.99,2,4.8,Dec-17,46.515,61.62,
60103-1,Airport Air Show,2016,53,678,6,69.99,6,4.2,Nov-17,73.925,83.705,
60107-1,Fire Ladder Truck,2016,58,214,2,17.99,1,4.7,Dec-18,18.765,25.41,
60109-1,Fire Boat,2016,58,415,5,59.99,4,4.5,Dec-17,66.39,81.005,
60110-1,Fire Station,2016,58,920,6,79.99,2,4.7,Dec-18,107.15,114.055,
60112-1,Fire Engine,2016,58,376,3,34.99,0,4.8,Dec-16,40.03,48.545,
60115-1,4 x 4 Off Roader,2016,64,184,2,17.99,2,4.3,Nov-16,18.095,17.54,
60116-1,Ambulance Plane,2016,60,183,3,17.99,3,4.7,Nov-16,27.805,19.955,
60117-1,Van & Caravan,2016,63,250,2,17.99,2,4.3,Nov-17,17.445,26.98,
60118-1,Garbage Truck,2016,52,248,2,17.99,2,4.8,Nov-16,20.015,27.73,
60119-1,Ferry,2016,59,301,2,24.99,2,4.3,Nov-17,25.5,32.95,
60121-1,Volcano Exploration Truck,2016,52,175,0,14.99,0,4.3,Aug-16,19.245,22.87,
60124-1,Volcano Exploration Base,2016,52,824,6,79.99,1,4.4,Jan-18,116.27,90.43,
60125-1,Volcano Heavy-Lift Helicopter,2016,52,1277,8,99.99,1,4.2,Aug-17,131.98,109.975,
60128-1,Police Pursuit,2016,61,184,2,17.99,1,4.4,Dec-16,19.73,22.725,
60129-1,Police Patrol Boat,2016,61,200,4,34.99,2,4.7,Feb-18,48.56,55.91,
60130-1,Prison Island,2016,61,754,8,69.99,3,4.8,Dec-17,97.06,150.07,
60131-1,Crooks Island,2016,61,244,3,24.99,1,4.7,Jun-17,25.7,36.285,
60132-1,Service Station,2016,63,515,4,71.09,4,4.2,Nov-17,112.375,82.845,
60134-1,People Pack - Fun in the Park,2016,52,159,15,34.99,14,4.2,Nov-17,40.185,51.845,
70314-1,Beast Master's Chaos Chariot,2016,605,314,2,24.99,1,4.7,Jan-17,25.705,33.255,
70315-1,Clay's Rumble Blade,2016,605,367,5,29.99,1,4.7,Nov-16,33.375,38.705,
70316-1,Jestro's Evil Mobile,2016,605,658,2,39.99,0,4.7,May-17,49.43,54.02,
70317-1,The Fortrex,2016,605,1140,7,79.99,4,4.5,Nov-17,82.255,98.98,
70321-1,General Magmar's Siege Machine of Doom,2016,605,516,3,34.99,2,4.5,Jul-17,42.38,44.435,
70322-1,Axl's Tower Carrier,2016,605,670,4,39.99,0,4.4,Aug-17,56.685,45.585,
70323-1,Jestro's Volcano Lair,2016,605,1186,10,99.99,3,4.5,May-17,101.975,110.945,
70324-1,Merlok's Library 2.0,2016,605,287,3,19.99,1,4.7,Jun-17,21.365,25.8,
70326-1,The Black Knight Mech,2016,605,530,4,29.99,2,4.7,Jul-17,40.755,41.795,
70589-1,Rock Roader,2016,435,406,4,34.99,0,4.7,Nov-17,34.665,54.315,
70590-1,Airjitzu Battle Grounds,2016,435,666,5,49.99,4,4.5,May-17,52.505,60.515,
70591-1,Kryptarium Prison Breakout,2016,435,208,5,17.99,4,4.7,Nov-17,19.43,26.195,
70593-1,The Green NRG Dragon,2016,435,567,5,39.99,3,4.7,Nov-17,57.2,64.92,
70594-1,The Lighthouse Siege,2016,435,775,8,59.99,5,4.8,Nov-17,60.335,80.02,
70596-1,Samurai X Cave Chaos,2016,435,1255,8,79.99,7,4.8,Nov-17,99.39,100.465,
70601-1,Sky Shark,2016,435,222,2,17.99,1,4.7,Jul-17,17.655,28.055,
70602-1,Jay's Elemental Dragon,2016,435,350,2,24.99,2,4.9,May-17,26.485,39.325,
70603-1,Raid Zeppelin,2016,435,295,3,24.99,3,4.8,Jul-17,25.485,31.025,
70604-1,Tiger Widow Island,2016,435,450,5,39.99,3,4.8,Jul-17,41.65,45.305,
70605-1,Misfortune's Keep,2016,435,754,6,69.99,2,4.7,Aug-17,71.51,74.78,
71013-17,Series 16 - Complete,2016,556,121,16,39.84,0,4.7,Nov-16,52.995,72.195,
71228-1,Ghostbusters Level Pack,2016,604,115,1,29.99,1,4.4,May-17,28.755,33.505,
71229-1,DC Comics Team Pack,2016,604,92,2,29.99,1,4.3,Sep-17,28.135,24.455,
71230-1,Doc Brown Fun Pack,2016,604,69,1,14.99,1,4.8,May-17,12.905,13.095,
71233-1,Stay Puft Fun Pack,2016,604,65,1,14.99,1,4.5,Oct-16,19.025,13.575,
71234-1,Sensei Wu Fun Pack,2016,604,58,1,14.99,0,4.7,May-17,13.365,14.825,
71235-1,Midway Arcade Level Pack,2016,604,96,1,29.99,1,4.5,May-17,28.345,25.86,
71239-1,Lloyd Fun Pack,2016,604,56,1,14.99,0,4.8,Sep-16,14.29,12.795,
71240-1,Bane Fun Pack,2016,604,52,1,14.99,1,4.6,Nov-16,12.76,14.045,
71242-1,Ghostbusters: Play The Complete Movie Story Pack,2016,604,259,1,39.99,1,4.5,Oct-17,44.17,41.25,
71244-1,Sonic the Hedgehog Level Pack,2016,604,101,1,29.99,1,4.8,Jan-17,28.15,34.605,
71245-1,Adventure Time Level Pack,2016,604,102,1,29.99,1,4.6,May-17,27.675,28.7,
71248-1,Mission: Impossible Level Pack,2016,604,76,1,29.99,1,4.7,Sep-17,31.3,25.98,
71251-1,A-Team Fun Pack,2016,604,73,1,14.99,1,4.8,Dec-16,13.435,13.53,
71256-1,Gremlins Team Pack,2016,604,94,2,29.99,2,4.4,Jan-17,26.495,26.2,
71309-1,Onua Uniter of Earth,2016,324,143,0,14.99,0,4.8,Aug-16,17.355,28.935,
71310-1,Umarak the Hunter,2016,324,172,0,14.99,0,4.9,Jun-16,22.59,32.445,
71311-1,Kopaka and Melum - Unity set,2016,324,171,0,19.99,0,4.8,May-16,20.8,36.61,
71316-1,Umarak the Destroyer,2016,324,191,0,17.99,0,4.9,Dec-16,24.825,42.455,
75098-1,Assault on Hoth,2016,171,2144,15,219.99,11,4.8,Nov-17,239.1,240.56,
75114-1,First Order Stormtrooper,2016,158,81,0,14.99,0,4.8,Mar-18,18.135,22.94,
75116-1,Finn,2016,158,98,0,19.99,0,4.5,Mar-18,18.45,19.78,
75117-1,Kylo Ren,2016,158,86,0,19.99,0,4.6,Aug-18,20.855,31.15,
75118-1,Captain Phasma,2016,158,82,0,19.99,0,4.6,Nov-17,20.555,19.845,
75119-1,Sergeant Jyn Erso,2016,158,104,0,19.99,0,4.3,Apr-18,19.53,22.775,
75120-1,K-2SO,2016,158,169,0,19.99,0,4.7,Feb-18,25.68,24.29,
75121-1,Imperial Death Trooper,2016,158,106,0,19.99,0,4.6,Feb-18,22.325,19.945,
75132-1,First Order Battle Pack,2016,158,88,4,11.99,2,4.6,Nov-17,12.33,14.865,
75133-1,Rebel Alliance Battle Pack,2016,158,101,4,11.99,4,4.7,Nov-16,11.625,17.02,
75134-1,Galactic Empire Battle Pack,2016,158,109,4,11.99,3,4.8,Nov-16,12.61,17.345,
75135-1,Obi-Wan's Jedi Interceptor,2016,158,215,2,19.99,1,4.9,Dec-16,23.535,30.3,
75136-1,Droid Escape Pod,2016,158,197,4,19.99,0,4.7,Nov-16,24.405,24.08,
75139-1,Battle on Takodana,2016,158,409,5,49.99,2,4.6,Dec-17,54.65,50.53,
75140-1,Resistance Troop Transporter,2016,158,646,4,59.99,4,4.7,Dec-16,70.355,63.255,
75141-1,Kanan's Speeder Bike,2016,158,234,3,19.99,0,4.8,May-17,20.985,22.165,
75142-1,Homing Spider Droid,2016,158,310,4,34.99,1,4.8,Jun-17,34.445,45.055,
75145-1,Eclipse Fighter,2016,158,363,2,34.99,1,4.7,Nov-17,33.685,31.205,
75146-1,Star Wars Advent Calendar 2016,2016,209,282,10,24.99,4,4.5,Nov-16,35.53,34.145,
75147-1,StarScavenger,2016,158,558,4,49.99,3,4.7,Dec-17,52.32,47.695,
75148-1,Encounter on Jakku,2016,158,530,4,49.99,2,4.5,Mar-18,52.07,49.27,
75149-1,Resistance X-Wing Fighter,2016,158,742,4,79.99,1,4.7,Dec-17,98.14,76.135,
75150-1,Vader's TIE Advanced vs. A-Wing Starfighter,2016,158,702,4,79.99,3,4.7,Dec-16,79.545,82.14,
75152-1,Imperial Assault Hovertank,2016,158,385,3,29.99,2,4.8,Nov-17,28.085,30.215,
75153-1,AT-ST Walker,2016,158,449,3,39.99,3,4.7,Nov-17,37.75,41.625,
75154-1,TIE Striker,2016,158,543,4,59.99,2,4.4,Feb-18,85.02,58.725,
75155-1,Rebel U-Wing Fighter,2016,158,659,5,69.99,4,4.9,Jul-18,72.82,64.58,
75156-1,Krennic's Imperial Shuttle,2016,158,863,6,79.99,6,4.7,Aug-18,81.27,78.885,
75157-1,Captain Rex's AT-TE,2016,158,972,5,99.99,4,4.8,Nov-17,104.48,101.155,
75159-1,Death Star,2016,171,4024,27,409.99,8,4.9,Nov-20,488.71,893.355,
75821-1,Piggy Car Escape,2016,606,74,2,11.99,2,4.5,Aug-17,12.155,11.925,
75822-1,Piggy Plane Attack,2016,606,168,2,19.99,2,4.6,Aug-17,19.73,22.205,
75823-1,Bird Island Egg Heist,2016,606,281,3,34.99,3,4.5,Aug-17,33.665,33.27,
75824-1,Pig City Teardown,2016,606,386,4,39.99,4,4.7,Aug-17,40.195,44.595,
75825-1,Piggy Pirate Ship,2016,606,620,4,59.99,4,4.3,Jul-17,56.24,58.985,
75826-1,King Pig's Castle,2016,606,859,5,74.99,5,4.7,Aug-17,74.26,67.69,
75827-1,Firehouse Headquarters,2016,607,4642,10,274.99,14,4.9,Mar-18,299.565,299.24,
75828-1,Ecto-1 & 2,2016,607,556,6,49.99,6,4.2,Nov-17,50.35,58.245,
75870-1,Chevrolet Corvette Z06,2016,601,176,1,12.99,1,4.9,Dec-17,17.54,31.375,
75871-1,Ford Mustang GT,2016,601,188,1,12.99,1,4.9,Dec-17,16.755,24.795,
75872-1,Audi R18 e-tron quattro,2016,601,169,1,12.99,1,4.7,Jan-18,14.465,26.715,
75874-1,Chevrolet Camaro Drag Race,2016,601,448,3,29.99,3,4.7,Dec-17,30.49,52.18,
75875-1,Ford F-150 Raptor & Ford Model A Hot Rod,2016,601,672,4,39.99,4,4.9,Dec-17,42.345,63.865,
75876-1,Porsche 919 Hybrid and 917K Pit Lane,2016,601,743,5,69.99,5,4.7,Dec-17,71.91,73.575,
76045-1,Kryptonite Interception,2016,700,307,3,29.99,2,4.8,Dec-17,35.985,30.45,
76050-1,Crossbones' Hazard Heist,2016,696,180,3,19.99,2,4.4,Feb-17,19.89,21.155,
76051-1,Super Hero Airport Battle,2016,696,808,7,69.99,5,4.7,Dec-17,102.315,99.81,
76053-1,Batman: Gotham City Cycle Chase,2016,697,224,3,19.99,2,4.3,Nov-17,23.725,21.69,
76054-1,Batman: Scarecrow Harvest of Fear,2016,697,564,5,59.99,5,4.4,Mar-18,53.22,55.465,
76055-1,Batman: Killer Croc Sewer Smash,2016,697,760,5,69.99,4,4.5,Mar-18,71.815,71.155,
76057-1,Spider-Man: Web Warriors Ultimate Bridge Battle,2016,706,1093,7,99.99,5,4.8,Dec-17,116.05,98.505,
76058-1,Spider-Man: Ghost Rider Team-up,2016,706,218,3,19.99,2,4.8,Nov-17,18.445,22.49,
76059-1,Spider-Man: Doc Ock's Tentacle Trap,2016,706,447,5,44.99,4,4.5,Nov-17,44.33,42.94,
76060-1,Doctor Strange's Sanctum Sanctorum,2016,696,359,3,29.99,3,4.9,Jun-17,30.345,36.44,
